<?xml version="1.0" encoding="UTF-8"?>
<configuration>
    <appender name="CONSOLE" class="ch.qos.logback.core.ConsoleAppender">
        <target>System.out</target>
        <encoder>
            <pattern>
                %date{yyyy-MM-dd HH:mm:ss} %-5level [%thread] %logger{1} - %msg%n
            </pattern>
        </encoder>
    </appender>
    <logger name="akka" level="INFO"/>
    <logger name="scala.slick" level="INFO"/>
    <root level="DEBUG">
        <appender-ref ref="CONSOLE"/>
    </root>
</configuration>